country,covid_confirmed,covid_deaths,covid_recovered,code,annual_temp,Health_Care_Index,Population,Median_age,Urban_pop
Afghanistan,1828,58,228,AF,12.92145452,,38928346,18,0.25
Albania,750,30,431,AL,11.26980007,53.05,2877797,36,0.63
Algeria,3649,437,1651,DZ,22.57579114,54.86,43851044,29,0.73
Andorra,743,41,398,AD,,,77265,0,0.88
Angola,27,2,6,AO,21.51093269,,32866272,17,0.67
Antigua and Barbuda,24,3,11,AG,,,97929,34,0.26
Argentina,4127,207,1162,AR,14.21522492,69.25,45195774,32,0.93
Armenia,1867,30,866,AM,6.374361625,,2963243,35,0.63
Australia,6744,89,5665,AU,21.50667634,77.38,25499884,38,0.86
Austria,15357,569,12580,AT,6.186012748,78.73,9006398,43,0.57
Azerbaijan,1717,22,1221,AZ,12.22434447,43.18,10139177,32,0.56
Bahamas,80,11,23,BS,25.06333351,,393244,32,0.86
Bahrain,2811,8,1310,BH,,,1701575,32,0.89
Bangladesh,6462,155,139,BD,25.4709131,42.8,164689383,28,0.39
Barbados,80,6,39,BB,,,287375,40,0.31
Belarus,12208,79,1993,BY,6.294930099,59.04,9449323,40,0.79
Belgium,47334,7331,10943,BE,9.514241274,74.34,11589623,42,0.98
Belize,18,2,9,BZ,25.06433296,,397628,25,0.46
Benin,64,1,33,BJ,27.46155267,,12123200,19,0.48
Bhutan,7,0,5,BT,8.57504293,,771608,28,0.46
Bolivia,1014,53,98,BO,20.97503004,,11673021,26,0.69
Bosnia and Herzegovina,1585,63,682,BA,9.016531835,,3280819,43,0.52
Brazil,73235,5083,32544,BR,24.91577183,56.29,212559417,33,0.88
Brunei,138,1,124,BN,25.93400002,,437479,32,0.80
Bulgaria,1399,58,222,BG,10.39676164,55.4,6948445,45,0.76
Burkina Faso,638,42,476,BF,28.17636051,,20903273,18,0.31
Cabo Verde,114,1,2,CV,,,555987,28,0.68
Cambodia,122,0,119,KH,26.93950004,,16718965,26,0.24
Cameroon,1705,58,915,CM,24.52785039,,26545863,19,0.56
Canada,51150,2983,19231,CA,-7.144579613,71.58,37742154,41,0.81
Central African Republic,50,0,10,CF,24.83925494,,4829767,18,0.43
Chad,52,2,19,TD,26.65074126,,16425864,17,0.23
Chile,14365,207,7710,CL,8.369828303,65.44,19116201,35,0.85
China,83940,4637,78422,CN,6.325663982,64.48,1439323776,38,0.61
Colombia,5949,269,1268,CO,24.40381182,67.24,50882891,31,0.80
Congo (Brazzaville),207,8,19,CG,24.52032734,,,,
Congo (Kinshasa),471,30,56,CD,24.03883683,,,,
Costa Rica,705,6,306,CR,23.85092872,62.42,5094118,33,0.80
Cote d'Ivoire,1183,14,525,CI,26.29971557,,26378274,19,0.51
Croatia,2047,63,1232,HR,10.47091069,62.68,4105267,44,0.58
Cuba,1437,58,575,CU,25.13007697,,11326616,42,0.78
Cyprus,837,15,148,CY,18.71350002,51.75,1207359,37,0.67
Czechia,7504,227,2948,CZ,7.665499973,74.62,,,
Denmark,9049,434,6313,DK,7.818978497,80,5792202,42,0.88
Diamond Princess,712,13,645,,,,,,
Djibouti,1072,2,498,DJ,27.64300019,,988000,27,0.79
Dominica,16,0,13,DM,,,71986,0,0.74
Dominican Republic,6416,286,1165,DO,23.92974985,54.67,10847910,28,0.85
Ecuador,24258,871,1557,EC,21.32904646,70.59,17643054,28,0.63
Egypt,5042,359,1304,EG,22.12045302,45.84,102334404,25,0.43
El Salvador,345,8,97,SV,24.77087498,,6486205,28,0.73
Equatorial Guinea,315,1,9,GQ,24.12599966,,1402985,22,0.73
Eritrea,39,0,19,ER,26.06832509,,3546421,19,0.63
Estonia,1660,50,240,EE,5.030938424,72.67,1326535,42,0.68
Eswatini,71,1,10,SZ,20.41380005,,1160164,21,0.30
Ethiopia,126,3,50,ET,22.37039295,,114963588,19,0.21
Fiji,18,0,12,FJ,23.37100029,,896445,28,0.59
Finland,4740,199,2800,FI,1.347861143,75.79,5540720,43,0.86
France,169053,23694,47775,FR,10.54372223,79.99,65273511,42,0.82
Gabon,238,3,53,GA,24.99982139,,2225734,23,0.87
Gambia,10,1,8,GM,26.772,,2416668,18,0.59
Georgia,511,6,168,GE,7.3648176,51.24,3989167,38,0.58
Germany,159912,6314,117400,DE,8.504451892,73.32,83783942,46,0.76
Ghana,1671,16,188,GH,27.25177926,,31072940,22,0.57
Greece,2566,138,577,GR,13.65550198,56.21,10423054,46,0.85
Grenada,19,0,10,GD,,,112523,32,0.35
Guatemala,530,15,49,GT,23.07117961,67.75,17915568,23,0.52
Guinea,1240,7,269,GN,25.5476409,,13132795,18,0.39
Guinea-Bissau,73,1,18,GW,26.60800037,,1968001,19,0.45
Guyana,74,8,15,GY,25.79536357,,786552,27,0.27
Haiti,76,6,8,HT,24.47507682,,11402528,24,0.57
Holy See,10,0,2,VA,,,801,0,0.00
Honduras,702,64,79,HN,23.38608334,,9904607,24,0.57
Hungary,2649,291,516,HU,10.06144773,47.8,9660351,43,0.72
Iceland,1795,10,1636,IS,1.351408623,65.92,341243,37,0.94
India,31324,1008,7747,IN,23.94543419,67.13,1380004385,28,0.35
Indonesia,9511,773,1254,ID,25.71897008,60.48,273523615,30,0.56
Iran,92584,5877,72439,IR,16.92655784,51.7,83992949,32,0.76
Iraq,1928,90,1319,IQ,21.57999357,41.36,40222493,21,0.73
Ireland,19877,1159,9233,IE,9.107924359,51.89,4937786,38,0.63
Israel,15728,210,7746,IL,19.69800023,73.29,8655535,30,0.93
Italy,201505,27359,68941,IT,11.5006943,66.59,60461826,47,0.69
Jamaica,364,7,29,JM,24.46899986,,2961167,31,0.55
Japan,13736,394,1899,JP,10.36272594,81.14,126476461,48,0.92
Jordan,449,8,348,JO,18.35282849,64.6,10203134,24,0.91
Kazakhstan,3027,25,774,KZ,5.987870514,50.7,18776707,31,0.58
Kenya,374,14,124,KE,24.49946529,55.59,53771296,20,0.28
South Korea,10761,246,8922,KR,10.65980231,81.97,51269185,44,0.82
Kuwait,3440,23,1176,KW,25.15349984,56.21,4270571,37,0.00
Kyrgyzstan,708,8,416,KG,1.093056123,,6524195,26,0.36
Laos,19,0,7,LA,23.21746666,,7275560,24,0.36
Latvia,836,13,267,LV,5.626625729,62.91,1886198,44,0.69
Lebanon,717,24,145,LB,15.61349988,64.38,6825445,30,0.78
Liberia,141,16,45,LR,25.2524195,,5057681,19,0.53
Libya,61,2,18,LY,21.89996952,,6871292,29,0.78
Liechtenstein,82,1,55,LI,,,38128,0,0.15
Lithuania,1344,44,536,LT,6.244905105,69.49,2722289,45,0.71
Luxembourg,3741,89,3123,LU,8.88189983,,625978,40,0.88
Madagascar,128,0,82,MG,22.01356848,,27691018,20,0.39
Malaysia,5851,100,4032,MY,25.13883809,68.1,32365999,30,0.78
Maldives,250,0,17,MV,,,540544,30,0.35
Mali,424,24,122,ML,28.29987354,,20250833,16,0.44
Malta,458,4,303,MT,,68.81,441543,43,0.93
Mauritania,7,1,6,MR,27.69289724,,4649658,20,0.57
Mauritius,334,10,303,MU,23.12700081,,1271768,37,0.41
Mexico,16752,1569,11423,MX,20.54469315,70.12,128932753,29,0.84
Moldova,3638,103,975,MD,9.667174936,,4033963,38,0.43
Monaco,95,4,50,MC,,,39242,0,0.00
Mongolia,38,0,10,MN,-0.49904369,,3278290,28,0.67
Montenegro,321,7,199,ME,7.906949917,,628066,39,0.68
Morocco,4252,165,778,MA,17.2250961,45.72,36910560,30,0.64
Mozambique,76,0,12,MZ,23.68935959,,31255435,18,0.38
Namibia,16,0,8,,20.03803485,,2540905,22,0.55
Nepal,54,0,16,NP,12.74394041,56.88,29136808,25,0.21
Netherlands,38612,4582,117,NL,9.201737643,74.65,17134872,43,0.92
New Zealand,1474,19,1229,NZ,9.975832156,73.81,4822233,38,0.87
Nicaragua,13,3,7,NI,24.58878273,,6624554,26,0.57
Niger,709,31,403,NE,27.23872952,,24206644,15,0.17
Nigeria,1532,44,255,NG,26.78221455,51.59,206139589,18,0.52
North Macedonia,1421,71,589,MK,9.853518182,56.38,2083374,39,0.59
Norway,7660,206,32,NO,0.753892466,74.36,5421241,40,0.83
Oman,2131,10,364,OM,25.45410276,58.15,5106626,31,0.87
Pakistan,14612,312,3233,PK,19.9810149,60.59,220892340,23,0.35
Panama,6021,167,455,PA,24.72233335,59.93,4314767,30,0.68
Papua New Guinea,8,0,0,PG,25.053585,,8947024,22,0.13
Paraguay,239,9,102,PY,23.48019004,,7132538,26,0.62
Peru,31190,854,9179,PE,19.45650895,56.15,32971854,31,0.79
Philippines,7958,530,975,PH,25.32667419,67.47,109581078,26,0.47
Poland,12218,596,2655,PL,7.868831915,61.01,37846611,42,0.60
Portugal,24322,948,1389,PT,14.97038087,71.88,10196709,46,0.66
Qatar,11921,10,1134,QA,26.9173336,73.3,2881053,32,0.96
Romania,11616,663,3404,RO,8.811245525,55.06,19237691,43,0.55
Russia,93558,867,8456,RU,-6.321294479,57.59,145934462,40,0.74
Rwanda,212,0,95,RW,19.01189995,,12952218,20,0.18
Saint Kitts and Nevis,15,0,4,KN,,,,,
Saint Lucia,15,0,15,LC,,,183627,34,0.19
Saint Vincent and the Grenadines,15,0,8,VC,26.81999969,,,,
San Marino,553,41,64,SM,,,33931,0,0.97
Saudi Arabia,20077,152,2784,SA,24.65100734,59.11,34813871,32,0.84
Senegal,823,9,296,SN,27.87320583,,16743927,19,0.49
Serbia,6630,125,870,RS,10.17899356,51.27,8737371,42,0.56
Seychelles,11,0,6,SC,,,98347,34,0.56
Singapore,14951,14,1128,SG,,70.84,5850342,42,0.00
Slovakia,1384,20,423,SK,7.269396131,60.02,5459642,41,0.54
Slovenia,1408,86,223,SI,8.04021112,64.58,2078938,45,0.55
Somalia,528,28,19,SO,26.76684425,,15893222,17,0.47
South Africa,4996,93,2073,ZA,17.59687334,64.14,59308690,28,0.67
Spain,232128,23822,123903,ES,13.02547607,78.88,46754778,45,0.80
Sri Lanka,619,7,134,LK,26.75522735,72.53,21413249,34,0.18
Sudan,318,25,31,SD,26.82433383,,43849260,20,0.35
Suriname,10,1,7,SR,25.76608164,,586632,29,0.65
Sweden,19621,2355,1005,SE,1.546350562,69.23,10099265,41,0.88
Switzerland,29264,1699,22600,CH,4.749057397,72.44,8654622,43,0.74
Syria,43,3,21,SY,17.64578075,,17500658,26,0.60
Taiwan,429,6,307,TW,,86.71,23816775,42,0.79
Tanzania,299,10,48,TZ,22.30580982,,59734218,18,0.37
Thailand,2938,54,2652,TH,26.24988821,77.95,69799978,40,0.51
Timor-Leste,24,0,6,TL,24.96599992,,1318445,21,0.33
Togo,99,6,63,TG,26.79911137,,8278724,19,0.43
Trinidad and Tobago,116,8,59,TT,25.8625002,,1399488,36,0.52
Tunisia,975,40,279,TN,19.36345617,57.18,11818619,33,0.70
Turkey,114653,2992,38809,TR,10.93360648,69.8,84339067,32,0.76
United States,1012582,58355,115936,US,6.754627068,69.27,331002651,38,0.83
Uganda,79,0,52,UG,22.59584155,,45741007,17,0.26
Ukraine,9410,239,992,UA,8.205565565,52.33,43733762,41,0.69
United Arab Emirates,11380,89,2181,AE,26.82560888,67.04,9890402,33,0.86
United Kingdom,162350,21745,813,GB,8.310239139,74.46,67886011,40,0.83
Uruguay,625,15,394,UY,17.5674857,66.28,3473730,36,0.96
Uzbekistan,1939,8,992,UZ,12.51938331,,33469203,28,0.50
Venezuela,329,10,142,VE,25.31845425,39.66,28435940,30,0.00
Vietnam,270,0,222,VN,24.06964913,57.7,97338579,32,0.38
Zambia,95,3,42,ZM,21.58413197,,18383955,18,0.45
Zimbabwe,32,4,5,ZW,21.03138971,,14862924,19,0.38